TITLE,LOCATIONS,RELEASE_YEAR
180,Epic Roasthouse (399 Embarcadero),2011
180,Mason & California Streets (Nob Hill),2011
180,Justin Herman Plaza,2011
180,200 block Market Street,2011
180,City Hall,2011
180,Polk & Larkin Streets,2011
180,Randall Museum,2011
180,555 Market St.,2011
24 Hours on Craigslist,,2005
40 Days and 40 Nights,"The Walden House, Buena Vista Park",2002
40 Days and 40 Nights,Café Trieste (609 Vallejo),2002
50 First Dates,Rainforest Café (145 Jefferson Street),2004
About a Boy,Broderick from Fulton to McAlister,2014
About a Boy,Crissy Field,2014
About a Boy,Powell from Bush and Sutter,2014
Age of Adaline,Pier 50- end of the pier,2015
Age of Adaline,California @ Montgomery,2015
Age of Adaline,Montgomery/Green,2015
Age of Adaline,Driving various SF Streets,2015
Age of Adaline,Plate Shots SF streets various,2015
Alcatraz,Filbert St. from Jones to Mason,2012
Alcatraz,Leavenworth from Filbert & Francisco St,2012
Alcatraz,Chestnut St. from Larkin to Columbus,2012
Alcatraz,Francisco St from Larkin to Polk,2012
Alcatraz,Broadway from Mason to Taylor,2012
Alcatraz,Taylor St. from Broadway to Filbert,2012
Alive,Embarcadero near Pier 14,2020
Alive,Palace of Fine Arts,2020
Alive,543 Connecticut,2020
Alive,Connecticut at 19th St,2020
Alive,Pennsylvania at 23rd St,2020
Always Be My Maybe,Golden Gate Music Concourse,2019
Always Be My Maybe,de Young Museum/Golden Gate Park,2019
Always Be My Maybe,Heart of the City Farmers Market at UN Plaza,2019
Always Be My Maybe,Palace of Fine Arts (3301 Lyon Street),2019
Always Be My Maybe,717 Grant Ave,2019
Always Be My Maybe,Kearny btwn Columbus and Washington,2019
Always Be My Maybe,"Fort Point (Presidio, Golden Gate National Recreation Area)",2019
Always Be My Maybe,California Cable Car Line,2019
Always Be My Maybe,Haight St at Masonic,2019
Always Be My Maybe,"Trax Bar, Haight St",2019
Always Be My Maybe,Pier 7,2019
Always Be My Maybe,Pier 45 - Musee Mechanique,2019
Always Be My Maybe,19th Ave Home,2019
Always Be My Maybe,22nd Ave Home,2019
Always Be My Maybe,Contemporary Jewish Museum,2019
Always Be My Maybe,Fairmont Hotel - Penthouse Suite,2019
Always Be My Maybe,26th Ave and El Camino Del mar,2019
Americana,St. Francis Episcopal Church (399 San Fernando Way),2015
Americana,Romolo Place @ Fresno St.,2015
Americana,Palace of Fine Arts,2015
Americana,John Shelley Drive John McLaren Park,2015
Americana,Treasure Island,2015
Americana,The San Francisco School (300 Gavin St.),2015
Americana,33 Spruce St,2015
Americana,Coi Restaurant (373 Broadway),2015
Americana,Foreign Cinema (2534 Mission),2015
Americana,Bernal Heights Park,2015
Americana,Jackson St. at Spruce,2015
Americana,679 Madrid St,2015
Americana,Roxie Theater (3117 16th St.),2015
Americana,Variety Preview Room (582 Market St.),2015
Americana,Laguna Honda Hospital; 375 Laguna Honda Blvd.,2015
Americana,3232 Jackson Ave.,2015
Americana,20th St and Illinois/Faxon St. and Kenwood/Glenbrook at Mt. Springs,2015
American Yearbook,,2004
Ant-Man,Conzelman Rd at McCollough Rd and down Conzelman Rd.,2015
Ant-Man,Lombard at Hyde,2015
Ant-Man,601 Buena Vista Ave West at Java St.,2015
Ant-Man,420 Jones St. at Ellis St.,2015
Ant-Man,Broadway between Powell and Davis,2015
Ant-Man,Columbus between Bay and Washington,2015
Ant-Man,California between Kearney and Davis,2015
Ant-Man,Pine between Kearney and Davis,2015
Ant-Man,Market between Stuart and Van Ness,2015
Ant-Man,Grant between Bush and Broadway,2015
Ant-Man,Intersection of Broadway at Kearney,2015
Ant-Man,Intersection of California at Polk,2015
Ant-Man,"Treasure Island, Building #1, Ave of the Palms",2015
Ant-Man and the Wasp,490 Geary St,2018
Ant-Man and the Wasp,544 Jones,2018
Ant-Man and the Wasp,Missouri St at 18th St,2018
Ant-Man and the Wasp,Telegraph Hill/North Beach,2018
Ant-Man and the Wasp,Financial District,2018
Ant-Man and the Wasp,Russian Hill,2018
Ant-Man and the Wasp,Jones St btwn Sacramento and Pine,2018
Ant-Man and the Wasp,California St btwn Mason and Leavenworth,2018
Ant-Man and the Wasp,Montgomery btwn Green and Pacific,2018
Ant-Man and the Wasp,Bush St at Mason St,2018
Ant-Man and the Wasp,Lombard St btwn Polk and Leavenworth,2018
Ant-Man and the Wasp,Jones St btwn Green and Pacific,2018
Ant-Man and the Wasp,Vallejo St btwn Montgomery and Davis,2018
Ant-Man and the Wasp,Java St,2018
Ant-Man and the Wasp,Little Embarcadero btwn Powell and Mason,2018
Ant-Man and the Wasp,Powell St btwn North Point and Embarcadero,2018
Ant-Man and the Wasp,Pier 27,2018
Ant-Man and the Wasp,Jefferson St at Taylor St,2018
Ant-Man and the Wasp,Laguna St btwn Jackson and Broadway,2018
Ant-Man and the Wasp,Montgomery btwn Broadway and Pacific,2018
Ant-Man and the Wasp,Geary St - Hyde St - Ellis St,2018
Ant-Man and the Wasp,Saint Louis Alley at Jackson,2018
Ant-Man and the Wasp,Leavenworth St at Lombard St,2018
Ant-Man and the Wasp,"Westar Marine Services, Pier 50",2018
A Taiwanese Tale of Two Cities,Dolores Park,2018
A Taiwanese Tale of Two Cities,738 Washington St,2018
A Taiwanese Tale of Two Cities,Waverly Place,2018
A Taiwanese Tale of Two Cities,700 Block of Grant Ave.,2018
A Taiwanese Tale of Two Cities,Fulton St at Larkin St,2018
A Taiwanese Tale of Two Cities,Texas St at 19th St,2018
A Taiwanese Tale of Two Cities,2751 Mission St,2018
A Taiwanese Tale of Two Cities,Pier 7,2018
A Taiwanese Tale of Two Cities,Palace of Fine Arts (3301 Lyon Street),2018
A Taiwanese Tale of Two Cities,Sutter St at Taylor St,2018
A Taiwanese Tale of Two Cities,1653 Haight and 1400-1500 blocks of Haight St,2018
A Taiwanese Tale of Two Cities,Bernal Heights Park,2018
A Taiwanese Tale of Two Cities,"Castro Theatre, 429 Castro St.",2018
A Taiwanese Tale of Two Cities,Steiner St at Fulton St,2018
A Taiwanese Tale of Two Cities,San Francisco City Hall,2018
A Taiwanese Tale of Two Cities,Civic Center Plaza,2018
A Taiwanese Tale of Two Cities,Pier 5,2018
Babies,,2010
Ballers Season 3,"Fairmont Hotel (950 Mason Street, Nob Hill)",2017
Ballers Season 3,Embarcadero around Rincon Park,2017
Ballers Season 3,San Remo Hotel (2237 Mason),2017
Ballers Season 3,"Huntington Park (California & Taylor Streets, Nob Hill)",2017
Ballers Season 3,Driving around Taylor/Pacific/Leavenworth,2017
Ballers Season 3,California and Jones St.,2017
Ballers Season 3,"Another Café, 1191 Pine St at Leavenworth",2017
Beautiful Boy,Divisadero between Broadway and Greenwich,2018
Beautiful Boy,Ohloff Recovery Center (601 Steiner St),2018
Beautiful Boy,Haight at Masonic,2018
Beautiful Boy,Tenderloin Neighborhood,2018
Beautiful Boy,"Olympic Flame Café, 555 Geary St",2018
Beautiful Boy,18th St at San Bruno Ave.,2018
Beautiful Boy,Wisconsin between 19th and 20th St,2018
Bee Season,,2005
Big Eyes,Nobles Alley,2014
Big Eyes,Caffe Trieste,2014
Big Eyes,Palace of Fine Arts,2014
Big Eyes,1101 Filbert St.,2014
Big Eyes,Saints Peter & Paul Church,2014
Big Eyes,Green St. & Grant Ave.,2014
Big Eyes,Filbert St. & Leavenworth,2014
Big Eyes,Pine St. & Grant,2014
Big Eyes,Way Faire Inn on Leidesdorff,2014
Big Eyes,Harry's Bar on Fillmore,2014
Big Sur,"Tosca Café (242 Columbus Avenue, North Beach)",2013
Birth of the Dragon,Lands End Trail at Eagles Point/ Lincoln Park Golf Course,2016
Birth of the Dragon,Pier 45 - Jeremiah O'Brien Liberty Ship,2016
Birth of the Dragon,Leavenworth at Green,2016
Birth of the Dragon,Leavenworth at Union,2016
Birth of the Dragon,Hyde at Union,2016
Birth of the Dragon,California at Grant,2016
Birth of the Dragon,Grant between Bush and Broadway,2016
Birth of the Dragon,California at Mason,2016
Birth of the Dragon,Spofford between Clay and Washington,2016
Birth of the Dragon,Twin Peaks Blvd.,2016
Birth of the Dragon,Waverly Pl between Washington and Sacramento,2016
Bitter Melon,"Pay and Save Grocery, 599 Guerrero St",2018
Bitter Melon,33 Dearborn St,2018
Bitter Melon,66 Danton St,2018
Bitter Melon,145 9th St,2018
Bitter Melon,600 Niagara Ave,2018
Bitter Melon,68 Dublin St,2018
Bitter Melon,3189 16th St,2018
Bitter Melon,386 4th Ave,2018
Bitter Melon,788 Minna St,2018
Bitter Melon,3139 16th St,2018
Bitter Melon,298 11th St,2018
Blue Jasmine,Jones & Pacific,2013
Blue Jasmine,Pacific & Divisadero,2013
Blue Jasmine,Lombard & Hyde,2013
Blue Jasmine,5546 Geary Ave,2013
Blue Jasmine,2898 Broadway,2013
Blue Jasmine,Motel Capri,2013
Blue Jasmine,Marina Green,2013
Blue Jasmine,Ocean Beach at Lincoln,2013
Blue Jasmine,Heald College,2013
Blue Jasmine,Marina Blvd from Laguna to Baker,2013
Blue Jasmine,330 Santa Clara Ave.,2013
Blue Jasmine,200 Post St.,2013
Blue Jasmine,2179 48th Ave,2013
Blue Jasmine,The Ramp Restaurant,2013
Blue Jasmine,303-305 S. Van Ness,2013
Blue Jasmine,3563 20th St.,2013
Blue Jasmine,Taylor & Green St.,2013
Blue Jasmine,Grant & Washington St.,2013
Blue Jasmine,2934 24th St.,2013
Blue Jasmine,1138 Alabama St,2013
Blue Jasmine,South Park,2013
Blue Jasmine,2915 16th St.,2013
Blue Jasmine,Trolley Car from Market and 11th,2013
Blue Jasmine,Real Guitars,2013
Blue Jasmine,Aub Zam Zam Bar,2013
Blue Jasmine,790 Ulloa,2013
Blue Jasmine,SFO International Airport Terminal 3,2013
Blue Jasmine,2178 Palou Ave.,2013
Broken-A Modern Love Story,Ina Coolbrith Park (1700 Taylor Street),2010
Broken-A Modern Love Story,0-100 block Halleck Street,2010
"Budding Prospects, Pilot",3050 24th Street,2017
"Budding Prospects, Pilot",3033 24th Street,2017
"Budding Prospects, Pilot",2937 24th Street,2017
"Budding Prospects, Pilot",1167 Alabama Street,2017
"Budding Prospects, Pilot",1641 York Street,2017
"Budding Prospects, Pilot",Bernal Heights Boulevard,2017
"Budding Prospects, Pilot",40 Prentiss Street,2017
"Budding Prospects, Pilot",500 Cortland Avenue,2017
"Budding Prospects, Pilot",Lucky Street,2017
"Budding Prospects, Pilot",1125 Guerrero Street,2017
"Budding Prospects, Pilot",Gough Street & Clay Street,2017
"Budding Prospects, Pilot",2007 Franklin Street,2017
"Budding Prospects, Pilot",951 Hudson Avenue,2017
By Hook or By Crook,The Lexington Club (3464 19th Street at Lexington),2001
By Hook or By Crook,"Royan Hotel (405 Valencia Street, Mission District)",2001
By Hook or By Crook,"Department of Public Health (101 Grove Street at Polk, Civic Center)",2001
Cardinal X,3639 Taraval St,2015
Cardinal X,1458 33rd Ave.,2015
Cardinal X,Lyon at Chestnut St.,2015
Cardinal X,1559 Underwood Avenue between Lane and Keith,2015
Cardinal X,1465 Revere Avenue between Keith and Jennings,2015
Cardinal X,1601 Lane St.,2015
Cardinal X,420 Mason St.,2015
Cardinal X,119 Utah,2015
Cardinal X,100 Alemany Blvd.,2015
Cardinal X,812 22nd St. and Tennessee,2015
Chance- Season 1 ep102,Mason and Pacific,2016
Chance- Season 1 ep102,John St. between Powell and Mason,2016
Chance- Season 1 ep102,Westin St. Francis,2016
Chance- Season 1 ep102,"Betelnut restaurant, 2030 Union St.",2016
Chance- Season 1 ep102,"Sutter Stockton Garage, 444 Stockton",2016
Chance- Season 1 ep102,"YWCA, 940 Powell",2016
Chance- Season 1 ep102,"Warren's Antiques, 375 9th St.",2016
Chance- Season 1 ep102,Heron and Berwick Alleys,2016
Chance- Season 1 ep102,"Duboce St., Duboce Café",2016
Chance- Season 1 ep102,Potomac and Waller,2016
Chance- Season 1 ep102,"State Garage, 818 Leavenworth",2016
Chance- Season 1 ep103,60 Leavenworth St.,2016
Chance- Season 1 ep103,"Blue Danube Café, 306 Clement",2016
Chance- Season 1 ep103,"San Francisco Art Institute, 800 Chestnut",2016
Chance- Season 1 ep103,Laguna Honda Hospital,2016
Chance- Season 1 ep103,350 Santa Ana Ave.,2016
Chance- Season 1 ep103,878-898 Chestnut St.,2016
Chance- Season 1 ep103,Forrest Hill Muni Station,2016
Chance- Season 1 ep103,60 Potomac,2016
Chance- Season 1 ep103,"The Drew School, 2901 California",2016
Chance- Season 1 ep103,San Bruno and Alameda,2016
Chance- Season 1 ep103,17th and Arkansas,2016
Chance- Season 1 ep104,Bush and Sansome St.,2016
Chance- Season 1 ep104,"Bayview Police Station, 201 Williams Ave.",2016
Chance- Season 1 ep104,Miraloma Mall at Portola Frontage Road,2016
Chance- Season 1 ep104,1018 Tennessee St.,2016
Chance- Season 1 ep104,901/909Tennessee St.,2016
Chance- Season 1 ep104,11 San Jacinto Ave.,2016
Chance- Season 1 ep104,Palace of Fine Arts,2016
Chance- Season 1 ep104,"Agua Vista Park at Mission Rock, 817 Terry A Francois Blvd.",2016
Chance- Season 1 ep104,200 Kansas St.,2016
Chance- Season 1 ep104,15th St. between Vermont and Kansas,2016
Chance - Season 1ep105,Private alley along 20th St. between Tennessee and Minnesota,2016
Chance - Season 1 ep105,Maiden Lane between Kearny and Grant,2016
Chance - Season 1 ep105,"The Drew School, 2901 California",2016
Chance - Season 1 ep105,"State Garage, 818 Leavenworth",2016
Chance - Season 1 ep105,60 Leavenworth St.,2016
Chance- Season 1 ep106,Washington Square Park,2016
Chance- Season 1 ep106,Grant between Union and Green,2016
Chance- Season 1 ep106,60 Leavenworth St.,2016
Chance- Season 1 ep106,Montgomery between Pacific and Broadway,2016
Chance- Season 1 ep106,Treasure Island,2016
Chance- Season 1 ep106,2 Rowland,2016
Chance- Season 1 ep106,McAllister between Leavenworth and Hyde,2016
Chance- Season 1 ep107,"Punjab Café, 838 24th St.",2016
Chance- Season 1 ep107,60 Potomac,2016
Chance- Season 1 ep107,Buena Vista betweeen Upper Terrace and Java St.,2016
Chance- Season 1 ep107,157 Commonwealth,2016
Chance- Season 1 ep107,1461 Page St.,2016
Chance- Season 1 ep107,1958 Valencia St.,2016
Chance- Season 1 ep107,145 Barlett St.,2016
Chance- Season 1 ep108,Huntington Park,2016
Chance- Season 1 ep108,Fairmont Hotel,2016
Chance- Season 1 ep108,1000 Mason St.,2016
Chance- Season 1 ep108,St. Mary's Square Park,2016
Chance- Season 1 ep109,Terry A. Francois Blvd.,2016
Chance- Season 1 ep109,2 Rowland,2016
Chance- Season 1 ep109,Ocean Park Motel,2016
Chance- Season 1 ep109,"Cliffhouse, 1090 Point Lobos Ave.",2016
Chance- Season 1 ep109,850 Bryant- 6th floor County Jail,2016
Chance- Season 1 ep109,60 Leavenworth St.,2016
Chance- Season 1 ep110,San Francisco General Hospital,2016
Chance- Season 1 ep110,1901 Ocean Ave. at Ashton Ave.,2016
Chance- Season 1 ep110,1 Urbano,2016
Chance- Season 1 ep110,18 Urbano,2016
Chance- Season 1 ep110,Ocean Park Motel,2016
Chance- Season 1 ep110,"Cliffhouse, 1090 Point Lobos Ave.",2016
Chance - Season 1 Pilot,"Harvey Milk Rec Center, 50 Scott St.",2016
Chance - Season 1 Pilot,66 Potomac,2016
Chance - Season 1 Pilot,"Mario's Café, 566 Columbus",2016
Chance - Season 1 Pilot,Washington Square Park,2016
Chance - Season 1 Pilot,"William Stout Architectural Books, 804 Montgomery St.",2016
Chance - Season 1 Pilot,1055 Montgomery St.,2016
Chance - Season 1 Pilot,60 Leavenworth St.,2016
Chance - Season 1 Pilot,Jefferson Square Park,2016
Chance - Season 1 Pilot,UN Plaza/ Civic Center Bart steps,2016
Chance - Season 1 Pilot,940 Powell St.,2016
Chance - Season 1 Pilot,Ellis and Jones St.,2016
Chance - Season 1 Pilot,"Ellis Food Center, 398 Ellis",2016
Chance - Season 1 Pilot,"Jonell's Bar, 401 Ellis",2016
Chance - Season 1 Pilot,"State Garage, 818 Leavenworth",2016
Chance - Season 1 Pilot,Antonio Alley,2016
Chance - Season 1 Pilot,253 4th Ave.,2016
Chance - Season 1 Pilot,"Warren's Antiques, 375 9th St.",2016
Chance Season 2,Marina Blvd between Baker and Fillmore St,2017
Chance Season 2,Jefferson St at Taylor St,2017
Chance Season 2,"Taylor St, north of Jefferson St to end",2017
Chance Season 2,Haight St at Ashbury St,2017
Chance Season 2,Central St between Haight and Page St,2017
Chance Season 2,Waller St between Masonic and Del Mar St,2017
Chance Season 2,Market St at Embarcadero,2017
Chance Season 2,Embarcadero between Harrison and Folsom St,2017
Chance Season 2,Embarcadero at Lombard St.,2017
Chance Season 2,Union St at Leavenworth St,2017
Chance Season 2,Lombard St between Leavenworth and Hyde St,2017
Chance Season 2,Filbert St at Stockton St,2017
Chance Season 2,20th St between Church and Dolores St,2017
Chance Season 2,Scott St between Jackson and Clay St,2017
Chance Season 2,Steiner St between Jackson and Clay St,2017
Chance Season 2,Lombard St between Hyde and Larkin St,2017
Chance Season 2,Columbus between Filbert and Lombard St,2017
Chance Season 2,Embarcadero at Vallejo St.,2017
Chance Season 2,Embarcadero between Bay and Chestnut St,2017
Chance Season 2,Heron @ Berwick (off 8th and Harrison St),2017
Chance Season 2,Duboce between Buena Vista East and Alpine St,2017
Chance Season 2,Haight between Central and Ashbury St,2017
Chance Season 2,Mason between Sacramento and California St,2017
Chance Season 2,Sacramento between Mason and Taylor St,2017
Chance Season 2,California between Mason and Taylor St,2017
Chance Season 2,Leavenworth at McAllister St,2017
Chance Season 2,Embarcadero between Market to Fillmore St,2017
Chance Season 2,Coit Tower,2017
Chance Season 2,Palace of Fine Arts (3301 Lyon Street),2017
Chance Season 2,Presidio Heights Neighborhood,2017
Cherish,387 Fair Oaks at 25th Street,2002
Clickbait,Pier 7,2021
Clickbait,Jackson between Front and Davis,2021
Confessions of a Burning Man,,2003
CSI: NY- episode 903,Palace of Fine Arts,2012
Dawn of the Planet of the Apes,University Club,2014
Dawn of the Planet of the Apes,Filbert St. from Hyde to Leavenworth,2014
Dawn of the Planet of the Apes,California St from Mason to Kearny,2014
Dawn of the Planet of the Apes,City Hall,2014
Dawn of the Planet of the Apes,Alioto Park,2014
Dawn of the Planet of the Apes,California & Powell,2014
Dawn of the Planet of the Apes,Columbus & Pacific Ave,2014
DEVS,20th at Noe St,2020
DEVS,Dolores Park - Dolores at 20th St,2020
DEVS,Castro at 18th St,2020
DEVS,Corona Heights - 16th at Flint St,2020
DEVS,Chinatown - Grant btwn California and Jackson St,2020
DEVS,North Beach - Romolo at Fresno and Vallejo at Kearny,2020
DEVS,Leavenworth at Filbert St,2020
DEVS,"Haight Ashbury - Central at Page, Haight at Masonic, Haight at Clayton",2020
DEVS,Alamo Square Park,2020
DEVS,Duboce Park,2020
DEVS,Tank Hill Park,2020
DEVS,Bernal Heights Park,2020
DEVS,Balmy Alley,2020
DEVS,Harrison at 25th St,2020
DEVS,Clarion Alley,2020
DEVS,Sycamore Alley,2020
DEVS,Judah at 9th Ave,2020
DEVS,Judah at 20th Ave,2020
DEVS,Stevenson Alley btwn 6th and 7th St,2020
DEVS,18th btwn Connecticut and Arkansas St,2020
DEVS,Broadway at Columbus,2020
DEVS,Brannan btwn 3rd and 6th St,2020
DEVS,25th btwn Pennsylvania and Indiana,2020
DEVS,Filbert btwn Powell and Stockton,2020
DEVS,Mission at 20th St,2020
DEVS,Alameda at San Bruno Ave,2020
DEVS,Main St at Harrison,2020
DEVS,Pier 7,2020
DEVS,Embarcadero at Harrison St,2020
DEVS,Broadway btwn Polk and Kearny,2020
DEVS,Coit Tower,2020
DEVS,21st St at San Carlos,2020
Dopamine,"South Park (Between 2nd and 3rd Streets, Brannan and Bryant Streets)",2003
Dopamine,"Fort Point (Presidio, Golden Gate National Recreation Area)",2003
Dr. Dolittle 2,"West Chrissy Field (Presidio, Golden Gate National Recreation Area)",2001
Dr. Dolittle 2,"Sacramento St., Between Pierce & Broderick Streets",2001
Dr. Dolittle 2,Hyde Street & Lombard Street,2001
Dr. Dolittle 2,"Building 924, Presidio (Golden Gate National Recreation Area)",2001
Dr. Dolittle 2,"Broadway, Between Franklin & Laguna Streets",2001
Etruscan Smile,Treasure Island,2017
Etruscan Smile,"Andronico's, 1200 Irving Street",2017
Etruscan Smile,"Mudpie, 2185 Fillmore Street",2017
Etruscan Smile,Hooker Alley Garden on Mason between Bush & Pine,2017
Etruscan Smile,Broadway @ Jones Streets,2017
Etruscan Smile,"Outpost Studios, 69 Green Street",2017
Etruscan Smile,"Legion of Honor, 100 34th Ave",2017
Etruscan Smile,UCSF Mt Zion 1600 Divisadero,2017
Etruscan Smile,343 Union Street,2017
Etruscan Smile,Pier 39 San Francisco,2017
Etruscan Smile,Pier 14 San Francisco,2017
Etruscan Smile,Chaya / Perry's 132 Embarcadero,2017
Etruscan Smile,Castle Street @ Green Street,2017
Etruscan Smile,1227 Montgomery Street,2017
Etruscan Smile,San Francisco City Hall,2017
Etruscan Smile,San Francisco Airport,2017
Etruscan Smile,"Benu Restaurant, 22 Hawthorne Street",2017
Etruscan Smile,California Street between Front and Davis,2017
Etruscan Smile,Jones @ Broadway,2017
Etruscan Smile,"Bentley Reserve, 301 Battery Street",2017
Etruscan Smile,"St Regis Hotel, 125 3rd Street",2017
Etruscan Smile,"Marriott Marquis, 780 Mission Street",2017
Etruscan Smile,"Laguna Honda Hospital, 375 Laguna Honda Blvd.",2017
Etruscan Smile,Turk Street between Mason & Leavenworth,2017
Etruscan Smile,California Street between Sansome & Davis,2017
Etruscan Smile,3rd Street between Market & Harrison,2017
Etruscan Smile,Mason Street @ Vallejo,2017
Etruscan Smile,225 California Street,2017
Fandom,,2004
GirlBoss,"Mission Dolores Park, 19th St. & Dolores St.",2017
GirlBoss,Green and Divisadero,2017
GirlBoss,1375 Haight St.,2017
GirlBoss,"Mission Thrift, 2330 Mission St.",2017
GirlBoss,"The Castro Theater, 429 Castro St.",2017
GirlBoss,Clarion Alley between Valencia and Mission,2017
GirlBoss,"Macchiarini Steps, Kearny between Vallejo and Broadway",2017
GirlBoss,Fillmore and Waller,2017
GirlBoss,"La Taqueria, 2889 Mission St.",2017
GirlBoss,Various Haight St. Vintage Shops,2017
GirlBoss,"Clayton Post Office, 554 Clayton St.",2017
GirlBoss,Taylor and Union,2017
GirlBoss,Filbert between Leavenworth and Hyde,2017
GirlBoss,Filbert between Grant and Kearny,2017
GirlBoss,Filbert and Kearny Steps,2017
GirlBoss,"Boulevard Restaurant, 1 Mission St.",2017
GirlBoss,Grant between California and Washington,2017
GirlBoss,"Musee Mecanique, Fisherman's Wharf",2017
GirlBoss,Mission between 19th and 25th St.,2017
GirlBoss,"Underground SF, 424 Haight St.",2017
GirlBoss,Fillmore between Haight and Waller,2017
God is a Communist?* (show me ,Sacramento & Washington Streets,2010
Godzilla,Kearney & Pine St.,2014
Godzilla,California & Davis St,2014
Godzilla,Pine St. & Davis St,2014
Godzilla,Sacramento & Front St.,2014
Godzilla,Broadway & Sansome,2014
Godzilla,Broadway & Columbus,2014
Godzilla,Post & Jones St.,2014
Godzilla,Stockton & Clay St,2014
Godzilla,Bush & Kearny,2014
Godzilla,Mission & Fremont St,2014
Godzilla,Eddy & Taylor St.,2014
Godzilla,Pier 7 (The Embarcadero),2014
Godzilla,Pier 1,2014
Godzilla,Embarcadero & Washington,2014
Godzilla,Mission & Beal,2014
Godzilla,Potrero &San Bruno,2014
Goliath- Season 4,California and Mason,2021
Goliath- Season 4,"Merchants Exchange, 465 California St",2021
Goliath- Season 4,Crissy Field Beach,2021
Goliath- Season 4,Fort Point (Golden Gate National Recreation Area),2021
Goliath- Season 4,Hyde and Lombard,2021
Goliath- Season 4,Hyde and Chestnut,2021
Goliath- Season 4,Red's Java House - Pier 30,2021
Goliath- Season 4,Stockton and Jackson,2021
Goliath- Season 4,740 Jackson St,2021
Goliath- Season 4,Washington and Spofford,2021
Goliath- Season 4,Waverly between Clay and Washington,2021
Goliath- Season 4,Grant and Commercial,2021
Goliath- Season 4,"Caffe Trieste, 601 Vallejo st",2021
Goliath- Season 4,Union at Jasper Place,2021
Goliath- Season 4,Green at Varennes St,2021
Goliath- Season 4,"Brocklebank Apartments, 1000 Mason St",2021
Goliath- Season 4,Pier 7,2021
Goliath- Season 4,Mountain Spring Avenue at Glenbrook Avenue,2021
Haiku Tunnel,,2001
Hemingway & Gelhorn,Muni Metro East (501 Cesar Chavez),2011
Hereafter,Hobart Building (582 Market Street),2010
Hereafter,The Final Final (2990 Baker Street),2010
Hereafter,1160 Taylor Street,2010
High Crimes,Bank of America Building (555 California Street),2002
High Crimes,391 Pennsylvania Avenue at 19th Street,2002
High Crimes,Vesuvio Café (255 Columbus Avenue),2002
High Crimes,Union Square,2002
High Crimes,Maiden Lane,2002
High Crimes,Condor Club (Columbus and Broadway),2002
High Crimes,Chase H & Q  (1 Bush Street at Sansome),2002
House of Sand and Fog,,2003
Hulk,Telegraph Hill,2003
Hulk,Vallejo Street at Sansome,2003
Hulk,Golden Gate Bridge,2003
Hulk,Treasure Island,2003
I Am Michael,Flint & 16th (Castro),2015
I Am Michael,"Grove & Polk, thru Fulton & 6th, Masonic, 28th & 47th",2015
I Am Michael,Ocean Beach @ Balboa,2015
I Am Michael,4100 20th St,2015
I Am Michael,Harvey Milk Plaza,2015
I Am Michael,F Train,2015
I Am Michael,Sanchez/Cumberland steps and sidewalks,2015
I's,1 Post Street,2011
Julie and Jack,,2003
Just Like Heaven,,2005
Knife Fight,Green & Laguna Streets,2013
Knife Fight,California & Hyde Streets,2013
Knife Fight,City Hall,2013
Looking,222 Mason St.,2014
Looking,Golden Gate Bridge,2014
Looking,Presidio Church at 130 Fisher Loop,2014
Looking,"Tiburon Hiking Trail, Tiburon, CA",2014
Looking,Fort Funston,2014
Looking,Folsom Street Fair on Folsom St.,2014
Looking,Orphan Andy's,2014
Looking,The Stud,2014
Looking,Mr. S Leather,2014
Looking,2866 24th St.,2014
Looking,24th and Church St.,2014
Looking,Church and Duboce Muni Station,2014
Looking,St. Francis Fountain,2014
Looking,Muni line N- Judah,2014
Looking,Sutro Baths,2014
Looking,Golden Gate Park,2014
Looking,Market & Church St.,2014
Looking,Willy's Barber Shop,2014
Looking,Jawbone at 99 Rhode Island St.,2014
Looking,Urban Flowers,2014
Looking,770 Haight St,2014
Looking,Eros,2014
Looking,Doc's Clock,2014
Looking,Starbucks at 333 O'Farrell St.,2014
Looking,Union Square,2014
Looking,The Café at 2369 Market St.,2014
Looking,Castro St. from Market to 18th St.,2014
Looking,Bay Bridge,2014
Looking,Treasure Island,2014
Looking,The Fairmont,2014
Looking,1890 Clay St.,2014
Looking,2000 Folsom,2014
Looking,Mission Arts Center,2014
Looking,2413 Harrison St.,2014
Looking,Muddy Waters Coffee House,2014
Looking,Valencia St. from 16th to 17th,2014
Looking,601 Buena Vista West,2014
Looking,Dolores Park,2014
Looking,Casa Lucas Market at 2934 24th St,2014
Looking,Punjab,2014
Looking,BART from Civic Center to 24th St.,2014
Looking Season 2 ep 202,901 Valencia Street,2015
Looking Season 2 ep 202,314 11th Street,2015
Looking Season 2 ep 202,1246 Folsom Street,2015
Looking Season 2 ep 202,Eddy @ Polk Street,2015
Looking Season 2 ep 202,Church @ Duboce Street,2015
Looking Season 2 ep 202,100 Church Street,2015
Looking Season 2 ep 202,770 Haight Street,2015
Looking Season 2 ep 202,651 Brannan Street,2015
Looking Season 2 ep 202,1400 16th Street,2015
Looking Season 2 ep 202,601 Buena Vista Ave West,2015
Looking Season 2 ep 203,"Balboa pool Lot, San Jose Avenue & Havelock St",2015
Looking Season 2 ep 203,"Willy's Barber shop, 3227 22nd Street",2015
Looking Season 2 ep 203,"Mad Dog Bar, 530 Haight Street",2015
Looking Season 2 ep 203,770 Haight Street,2015
Looking Season 2 ep 203,Kezar Pavillion,2015
Looking Season 2 ep 203,"Boxer Stadium, 166 Havelock Street",2015
Looking Season 2 ep 203,"Mission Rec Center, 2450 Harrison Street",2015
Looking Season 2 ep 203,"Doc's Clock, 2575 Misison Street",2015
Looking Season 2 ep 204,"Esta Noche, 3079 16th Street",2015
Looking Season 2 ep 204,1890 Clay Street,2015
Looking Season 2 ep 204,"Larken Street Youth Services, 1138 Sutter Street",2015
Looking Season 2 ep 204,"Daniel's Pharmacy, 943 Geneva Ave.",2015
Looking Season 2 ep 204,Castro Street @ 18th street,2015
Looking Season 2 ep 204,601 Buena Vista Ave West,2015
Looking Season 2 ep 204,"Urban Flowers, 4029 18th Street",2015
Looking Season 2 ep 204,3650 21st Street,2015
Looking Season 2 ep 204,"Bi-Rite Creamery, 3692 18th Stret",2015
Looking Season 2 ep 204,"Dolores Park, San Francisco",2015
Looking Season 2 ep 204,970 Geary Street,2015
Looking Season 2 ep 204,534 Hyde Street,2015
Looking Season 2 ep 205,534 Hyde Street,2015
Looking Season 2 ep 205,24th Between Portrero & Alabama,2015
Looking Season 2 ep 205,745 Treat Ave,2015
Looking Season 2 ep 205,"Always Open Car Wash, 2560 Marin Street",2015
Looking Season 2 ep 205,160 Church Street,2015
Looking Season 2 ep 205,1119 Alabama Street,2015
Looking Season 2 ep 206,745 Treat Ave.,2015
Looking Season 2 ep 206,1890 Clay Street,2015
Looking Season 2 ep 206,770 Haight Street,2015
Looking Season 2 ep 207,770 Haight Street,2015
Looking Season 2 ep 207,Delores Park,2015
Looking Season 2 ep 207,"Valenti, Marini, Perata, 4840 Mission Street",2015
Looking Season 2 ep 207,"Sparky's Diner, 242 Church Street",2015
Looking Season 2 ep 208,2450 Harrison Street,2015
Looking Season 2 ep 208,1246 Folsom Street,2015
Looking Season 2 ep 208,"Citizens Band, 1198 Folsom Street",2015
Looking Season 2 ep 208,1111 California Street,2015
Looking Season 2 ep 208,950 Mason Street,2015
Looking Season 2 ep 209,"SF Zoo, 2945 Sloat Blvd",2015
Looking Season 2 ep 209,1246 Folsom Street,2015
Looking Season 2 ep 209,68 Division Street,2015
Looking Season 2 ep 209,8 Octavia Street,2015
Looking Season 2 ep 209,1890 Clay Street,2015
Looking Season 2 ep 209,"Tonga Room, Fairmont Hotel, 950 Mason Street",2015
Looking Season 2 ep 209,"Muddy Waters, 521 Valencia Street",2015
Looking Season 2 ep 209,"Mission Arts Center, 2450 Harrison Street",2015
Looking Season 2 ep 210,8 Octavia Street,2015
Looking Season 2 ep 210,BART Station @ 16th Street & Mission Streets,2015
Looking Season 2 ep 210,67 Deming Street,2015
Looking Season 2 ep 210,Twin Peaks Park,2015
Looking Season 2 ep 210,"Vega Coffee, 1245 Folsom Street",2015
Looking Season 2 ep 210,SF City Hall Polk Street Steps,2015
Looking Season 2 ep 210,Mission Street @ 22nd Street,2015
Looking Season 2 ep 210,"Willy's Barber shop, 3227 22nd Street",2015
Looking Season 2 ep 210,"Mission Rec Center, 2450 Harrison Street",2015
"Looking ""Special""","Capital Restaurant, 839 Clay Street",2016
"Looking ""Special""",1080 Natoma Street,2016
"Looking ""Special""",1246 Folsom Street,2016
"Looking ""Special""","Li Po Lounge, 916 Grant Avenue",2016
"Looking ""Special""","Encore Karaoke, 1550 California Street",2016
"Looking ""Special""",San Francisco City Hall,2016
"Looking ""Special""","The Stud, 399 9th Street",2016
"Looking ""Special""",Van Ness and Market Street MUNI exit,2016
"Looking ""Special""",10th Street between Market & Mission,2016
"Looking ""Special""","Philz Coffee, 1258 Minnesota Street",2016
"Looking ""Special""",Grant Avenue between Sacramento and Washington,2016
"Looking ""Special""","The End Up, 401 6th Streeet",2016
"Looking ""Special""","Orphan Andy's, 3991 17th Street",2016
"Looking ""Special""",Castro Street between 17th & 18th,2016
"Looking ""Special""",17th & Market Street,2016
"Looking ""Special""",Point Lobos Avenue,2016
"Looking ""Special""",Bernal Heights Neighborhood,2016
"Looking ""Special""",3079 16th Street,2016
"Looking ""Special""",Fisherman's Wharf,2016
Love & Taxes,The Marsh Theatre (1062 Valencia Street),2014
Love & Taxes,20 Hill Street,2014
Love & Taxes,198 Gough Street,2014
Milk,Duboce Park,2008
Milk,City Hall,2008
Milk,Chinatown,2008
Milk,424 Sansome Street,2008
Milk,29th and Dolores Street,2008
Milk,El Camino Del Mar,2008
Milk,Treasure Island,2008
Milk,Market & Castro Street,2008
Milk,Marine Fireman's Union Headquarters,2008
Milk,Lower Haight Street,2008
Milk,Grace Cathedral Episcopal Church (1100 California Street),2008
Milk,Golden Gate Bridge,2008
Mission (aka City of Bars),"The 500 Club (500 Guerrero Street, Mission District)",2001
Mission (aka City of Bars),Mission Dolores Park (Mission District),2001
Mona Lisa Smile,,2003
"Murder in the First, Season 1",1821 Alabama Street,2014
"Murder in the First, Season 1",Hall of Justice (850 Bryant Street),2014
"Murder in the First, Season 1",Cameron House (920 Sacramento Street),2014
"Murder in the First, Season 1",504 Broadway,2014
"Murder in the First, Season 1",9 Calhoun Terrace,2014
"Murder in the First, Season 1",AT&T Park,2014
"Murder in the First, Season 1",Berry Street between 3rd and 4th Streets,2014
"Murder in the First, Season 1",Kearny Street between Broadway and Pacific Avenue,2014
"Murder in the First, Season 1",731 Grant Avenue,2014
"Murder in the First, Season 1",Waverly Alley between Grant and Sacramento Streets,2014
"Murder in the First, Season 1",Joice Street at Clay Street,2014
"Murder in the First, Season 1",Palace of Fine Arts (3301 Lyon Street),2014
"Murder in the First, Season 1",800 Bay Street,2014
"Murder in the First, Season 1",1201 Columbus Avenue,2014
"Murder in the First, Season 1",Pier 45,2014
"Murder in the First, Season 1",369 Embarcadero,2014
"Murder in the First, Season 1",Dolores Park,2014
"Murder in the First, Season 1",24th Street between Folsom and Harrison Streets,2014
"Murder in the First, Season 1",13 Lucky Street,2014
"Murder in the First, Season 1",1541 Grove Street,2014
"Murder in the First, Season 1",Ida B. Wells High School (1099 Hayes Street),2014
"Murder in the First, Season 1",Alamo Square Park,2014
"Murder in the First, Season 1",50 California Street,2014
"Murder in the First, Season 1",373 Columbus Avenue,2014
"Murder in the First, Season 1",350 Union Street,2014
"Murder in the First, Season 2",Potrero Hill Recreation Center (801 Arkansas Street),2015
"Murder in the First, Season 2",1243 19th Street,2015
"Murder in the First, Season 2",372/374 Pennsylvania Avenue,2015
"Murder in the First, Season 2",Stevenson Alley,2015
"Murder in the First, Season 2",901 Missouri Street,2015
"Murder in the First, Season 2",83 Watchman Way,2015
"Murder in the First, Season 2",1059 Texas Street,2015
"Murder in the First, Season 2",Sue Bierman Park,2015
"Murder in the First, Season 2",Embarcadero Street at Washington Street,2015
"Murder in the First, Season 2",Treasure Island,2015
"Murder in the First, Season 2",Pier 50,2015
"Murder in the First, Season 2",435 Broadway,2015
"Murder in the First, Season 2",Columbus Avenue between Washington and Bay Streets,2015
"Murder in the First, Season 2",Grant Avenue between Clay and Washington Streets,2015
"Murder in the First, Season 2",1400 16th Street,2015
"Murder in the First, Season 2",Pennsylvania Avenue at 19th Street,2015
"Murder in the First, Season 2",Harriet Street between Bryant and Brannan Streets,2015
"Murder in the First, Season 2",Boardman Place between Bryant and Brannan Streets,2015
"Murder in the First, Season 3",Golden Gate Park,2016
"Murder in the First, Season 3",Civic Center Plaza,2016
"Murder in the First, Season 3",500 Grove Street,2016
"Murder in the First, Season 3",600 Octavia Street,2016
"Murder in the First, Season 3",535 Octavia Street,2016
"Murder in the First, Season 3",Patricia's Green,2016
"Murder in the First, Season 3",Ivy Street between Laguna and Gough Streets,2016
"Murder in the First, Season 3",Linden Alley between Octavia and Gough Streets,2016
"Murder in the First, Season 3",Hall of Justice (850 Bryant Street),2016
"Murder in the First, Season 3",Harriet Alley,2016
"Murder in the First, Season 3",Howard Street at Steuart Street,2016
"Murder in the First, Season 3",Red's Java House (Pier 30),2016
"Murder in the First, Season 3",887 De Haro Street,2016
"Murder in the First, Season 3",Pier 96,2016
"Murder in the First, Season 3",2633 Vallejo Street,2016
Need For Speed,Embarcadero from Broadway to Folsom,2014
Need For Speed,California St from Taylor to Powell,2014
Need For Speed,Mason St from Pine to Sacramento,2014
Need For Speed,Powell St. from Geary to Sacramento,2014
Never Die Twice,"Postcard Row (Alamo Square, Hayes Valley)",2001
Night of Henna,,2005
On the Road,Bay Bridge,2012
On the Road,Sacramento & Montgomery Streets,2012
On the Road,2017 23rd Street,2012
On the Road,Filbert & Leavenworth Streets,2012
Parks and Recreation,Filbert from Hyde to Leavenworth,2014
Parks and Recreation,Columbus and Green,2014
Parks and Recreation,Larkin & Fulton,2014
Parks and Recreation,Embarcadero & Market,2014
Pushing Dead,"Blind Cat, 3050 24th Street, San Francisco",2016
Pushing Dead,"Cordova Market, 301 Rolph Street, San Francisco",2016
Pushing Dead,"915 Naples, San Francisco",2016
Pushing Dead,"Infield Batting Cages, 1888 Clement Street",2016
Pushing Dead,42 Walter Street,2016
Pushing Dead,Church Street MUNI Station,2016
Pushing Dead,"Double Happiness Health, 3380 20th Street",2016
Pushing Dead,"Ele Nino Traiing Cetner, 2920 3rd Street",2016
Pushing Dead,"Matching Half Café, 1799 McAllister Street",2016
Pushing Dead,"433 Baker Street,",2016
Pushing Dead,1069 Tennessee Street,2016
Pushing Dead,2930 3rd Street,2016
Pushing Dead,Hayes Street between Ashbury and Shrader,2016
Pushing Dead,"Mission Neibhrohood Health Cetner, 240 Shotweel Street",2016
Pushing Dead,Octavia at Grove Street,2016
Pushing Dead,Koshland Park,2016
Pushing Dead,"Daniel's Pharmacy, 943 Geneva Ave",2016
Pushing Dead,5th Ave @ Fulton Street in Golden Gate Park,2016
Pushing Dead,"Uva Enoteca, 568 Haight Street",2016
Pushing Dead,Turk Street between Steiner and Scott Streets,2016
Quitters,1536 Noe St.,2015
Quitters,24 Hill St.,2015
Quitters,21st St & Sanchez,2015
Quitters,4015 21st St,2015
Quitters,Tank Hill Park,2015
Quitters,Clement St. from 6th to 7th Ave.,2015
Quitters,Wine Impression,2015
Quitters,Clement St. from 5th and 7th Ave.,2015
Quitters,Claire Lilienthal Elementary School,2015
Quitters,Yerba Buena Gardens,2015
Quitters,Tonga Room,2015
Quitters,Cal-Mart Supermarket,2015
Quitters,McLaren Lodge,2015
Quitters,Bechelli's Flower Market Café,2015
Quitters,923 Vermont St.,2015
Quitters,Geary from 22nd Ave to Arguello,2015
Red Diaper Baby,"Magic Theater (Fort Mason, Golden Gate National Recreation Area)",2004
Red Widow,York & 24th St.,2013
Red Widow,2nd St & Howard,2013
Red Widow,Montgomery & Market Streets,2013
Red Widow,Broadway & Taylor,2013
Red Widow,Mason & Sacramento St,2013
Red Widow,Geary & 27th Ave,2013
Red Widow,Geary & 20th Ave,2013
Red Widow,Pioneer Park at Coit Tower,2013
Red Widow,Vallejo Street Garage,2013
Red Widow,California & Davis St,2013
Red Widow,Golden Gate Ave & Jones,2013
Rent,Treasure Island,2005
Rollerball,,2002
San Andreas,2nd St. at Townsend St.,2015
San Andreas,Jefferson St. at Powell St.,2015
San Andreas,Grant St. at Bush St.,2015
San Andreas,Vallejo Garage Roof (Vallejo at Powell),2015
San Andreas,Clay St. at Taylor,2015
San Andreas,Bay St. at Polk,2015
San Andreas,Intersection of Lombard and Hyde,2015
San Andreas,Mission between 3rd and 4th St.,2015
San Andreas,555 California,2015
San Andreas,Broadway and Kearney,2015
San Andreas,Grant between Bush and Market,2015
San Andreas,Coit Tower,2015
San Andreas,TransAmerica Pyramid (600 Montgomery Street),2015
San Andreas,Washington Square,2015
San Andreas,Battery Spencer,2015
San Andreas,Pier 43,2015
San Andreas,"Vallejo St. Garage, 766 Vallejo St.",2015
San Andreas,Fort Baker,2015
San Andreas,AT&T Stadium,2015
San Andreas,AT&T Stadium,2015
San Andreas,Water work in SF Bay,2015
San Andreas,"Stage Work, 47 Julian St.",2015
San Andreas,Hyde St. at Greenwich and Hyde St. at Lombard,2015
San Andreas,"Asia Star Fantasy, 1126 Grant Ave.",2015
Sense8,18th Street between Guerrero and Valencia Streets,2015
Sense8,"Atlas Café, 3049 20th St.",2015
Sense8,Clarion Alley between Valencia & Mission St.,2015
Sense8,Harrison & 20th,2015
Sense8,Folsom,2015
Sense8,16th St.,2015
Sense8,S. Van Ness,2015
Sense8,22nd St.,2015
Sense8,Harrison,2015
Sense8,20th,2015
Sense8,Z Space Studios; 450 Florida St.,2015
Sense8,375 Castro St. and 17th between Castro and Diamond St.,2015
Sense8,Corbett St.,2015
Sense8,Romain St.,2015
Sense8,Market St. overpass,2015
Sense8,Grand View Ave.,2015
Sense8,Vallejo Street Garage; 766 Vallejo St.,2015
Sense8,Laguna Honda Hospital; 375 Laguna Honda Blvd.,2015
Sense8,Irving St. at 9th Ave.,2015
Sense8,"Dolores Park, 20th St. between Church & Dolores St.",2015
Sense8,Palace of Fine Arts: 3306 Lyon St.,2015
Sense8,Van Ness and 12th St.,2015
Sense8,"""Metzger's Apt"" 151 Alice B. Toklas Pl.",2015
Sense8 - Season 2,"Westerfeld House, 1198 Fulton St.",2016
Sense8 - Season 2,67-69 Deming St.,2016
Sense8 - Season 2,"The Women's Building, 3543 18th St.",2016
Sense8 - Season 2,"Julia Morgan Ballroom at the Merchant's Exchange Building, 465 Califor",2016
Sense8 - Season 2,"Marina Morrison Bridal, 30 Maiden Ln.",2016
Sense8 - Season 2,"Grace Cathedral, 1100 California St.",2016
Sense8 - Season 2,"San Francisco City Hall, 1 Dr. Carlton B. Goodlett Pl.",2016
Sense8 - Season 2,"City Lights Bookstore, 261 Columbus Ave.",2016
Sense8 - Season 2,"Billy Goat Hill, Castro St. & 30th St.",2016
Sense8 - Season 2,"The Castro Theater, 429 Castro St.",2016
Sense8 - Season 2,Mission Creek Harbor along Channel St.,2016
Sense8 - Season 2,Grant between Sacramento and Jack Kerouac Alley,2016
Sense8 - Season 2,Castle between Union and Green,2016
Sense8 - Season 2,Green between Kearny and Montgomery,2016
Sense8 - Season 2,Montgomery between Green and Broadway,2016
Sense8 - Season 2,Washington between Stockton and Kearny,2016
Sense8 - Season 2,Spofford between Washington and Clay,2016
Sense8 - Season 2,Clay between Stockton and Grant,2016
Sense8 - Season 2,Filbert between Hyde and Jones,2016
Serendipity,,2001
Shang-Chi and the Legend of th,"Caifornia, Mason, Powell, Joice St and Stockton",2021
Shang-Chi and the Legend of th,Stockton and Bush,2021
Shang-Chi and the Legend of th,Stockton Tunnel,2021
Shang-Chi and the Legend of th,"Bush between Jones and Powell, Mason between Pine and Sutter",2021
Shang-Chi and the Legend of th,"Lombard, Hyde and Filbert",2021
Shang-Chi and the Legend of th,Larkin between Beach and Bay,2021
Shang-Chi and the Legend of th,Jones between Post and California,2021
Shang-Chi and the Legend of th,"Bush between Hyde and Kearny, Sutter between Hyde and Kearny",2021
Shang-Chi and the Legend of th,Post between Van Ness and Kearny,2021
Shang-Chi and the Legend of th,Jones between Pine and O'Farrell,2021
Shang-Chi and the Legend of th,Clement between 7th and 9th Avenue,2021
Shang-Chi and the Legend of th,Noe between Alvarado and Liberty,2021
Shang-Chi and the Legend of th,"Fairmont Hotel, 950 Mason",2021
Shit and Champagne,Oasis Nightclub - 298 11th St,2020
Shit and Champagne,Burns Pl. Alley at 11th St,2020
Shit and Champagne,1814 32nd Ave,2020
Shit and Champagne,2 Mint Plaza,2020
Shit and Champagne,1090 Eddy St,2020
Shit and Champagne,Don Ramon's Restaurant - 225 11th St,2020
Shit and Champagne,57 Taylor St,2020
Shit and Champagne,Cargo Way at Jenning St,2020
Shit and Champagne,2644 Mission St,2020
Shit and Champagne,Bush at Grant Ave,2020
Shit and Champagne,Montgomery at Green St,2020
Shit and Champagne,Green at Jones St,2020
Shit and Champagne,La Ferrera Terrace at Kearny St,2020
Shit and Champagne,Haight at Ashbury St,2020
Shit and Champagne,Gerke Alley at Grant,2020
Shit and Champagne,Leavenworth at Greenwich St,2020
Shit and Champagne,Geary Blvd at Gough St,2020
Shit and Champagne,Steiner St and Hayes St,2020
Shit and Champagne,Castro btwn Market and 18th St,2020
Shit and Champagne,17th and Capp St,2020
Silicon Valley Season 4,Moscone Center Parking Garage/3rd St.,2017
Silicon Valley Season 4,Howard St between 3rd and 4th St.,2017
"Smile Again, Jenny Lee",Manor West (750 Harrison St.),2015
"Smile Again, Jenny Lee",475 Diamond St.,2015
"Smile Again, Jenny Lee",Hyatt Hotel (555 North Point St.),2015
"Smile Again, Jenny Lee","Fairmont Hotel (950 Mason Street, Nob Hill)",2015
"Smile Again, Jenny Lee",411 Shrader St.,2015
"Smile Again, Jenny Lee",883 42nd Ave.,2015
"Smile Again, Jenny Lee",Mason & Sacramento St,2015
"Smile Again, Jenny Lee",Unitarian Church (1187 Franklin St.),2015
"Smile Again, Jenny Lee","Huntington Park (California & Taylor Streets, Nob Hill)",2015
"Smile Again, Jenny Lee",E Tutto Qua Restaurant (270 Columbus St.),2015
"Smile Again, Jenny Lee",1328 Portola,2015
"Smile Again, Jenny Lee",Clay St. at Sansome,2015
"Smile Again, Jenny Lee",Montgomery Street at Post Street,2015
"Smile Again, Jenny Lee",333 Pacheco St at Lopez Ave.,2015
"Smile Again, Jenny Lee",Mission Inn (5630 Mission St),2015
"Smile Again, Jenny Lee",87 Cervantes Blvd (beach),2015
"Smile Again, Jenny Lee",Gaspare's Pizza House (5546 Geary Blvd.),2015
"Smile Again, Jenny Lee",510 Noe Street & 18th St.,2015
"Smile Again, Jenny Lee",Europa Café (4318 California St. and 5th Ave.),2015
"Smile Again, Jenny Lee",New Taraval Café (1054 Taraval St.),2015
"Smile Again, Jenny Lee",Kansas St at 17th St.,2015
"Smile Again, Jenny Lee",City Hall,2015
"Smile Again, Jenny Lee",Ocean Beach Motel (2690 46th Ave.),2015
"Smile Again, Jenny Lee",Greenwich St at Battery St,2015
"Smile Again, Jenny Lee",2100 Pacific Ave at Laguna St,2015
Sonic the Hedgehog,Grid within Montgomery St; Davis St; Pacific St; Bush St,2020
Sonic the Hedgehog,California btwn Powell and Front,2020
Sonic the Hedgehog,Pine btwn Sansome and Front,2020
Sonic the Hedgehog,2nd St btwn Mission and Howard,2020
Sonic the Hedgehog,Areas around TransAmerica Building,2020
Steve Jobs,War Memorial Opera House (401 Van Ness Avenue),2015
Steve Jobs,Davies Symphony Hall (201 Van Ness Ave.),2015
Steve Jobs,Sutter-Stockton Garage (444  Stockton),2015
Steve Jobs,California St. from Jones St. to Mason St.,2015
Steve Jobs,Powell St. from California St. to Sutter St.,2015
Steve Jobs,Jackson St. from Mason St. to Powell St.,2015
Steve Jobs,Intersection of Columbus and Kearny,2015
Steve Jobs,Intersection of Clay St. and Walter U Lum Plc,2015
Steve Jobs,Mission St and 5th St,2015
Steve Jobs,21st and Collingswood St.,2015
Steve Jobs,Castro St. between 21st an Hill St,2015
Steve Jobs,21st and Sanchez St,2015
Summertime,Fisherman's Wharf pier near Chapel (Port Walk #19),2015
Summertime,Oasis Nightclub (298 11th St),2015
Summertime,Broadway and Taylor St Intersection,2015
Summertime,Turk St between Lyon and Baker St,2015
Summertime,Buena Vista East & Duboce; Buena Vista East & Haight,2015
Summertime,Love Street Vintage (1506 Haight & adjacent Haight sidewalk_,2015
Summertime,Alamo Square,2015
Summertime,Stanyan & Belgrave,2015
Summertime,Sansome (Washington to Bush) Pine (Davis to Kearny) Bush: Kearny to Ba,2015
Summertime,Chinatown (Stockton @ Jackson & Jackson toward Grant,2015
Summertime,Montgomery between California and Pine,2015
Summertime,20th St and Church (3885 20th St),2015
Summertime,Duboce Park,2015
Summertime,53 Potomac St,2015
Sweet November,Marquee Lofts (1000 Van Ness Avenue at Alice B. Toklas Place),2001
Sweet November,Hotel Majestic (1500 Sutter Street),2001
Sweet November,"Foote, Cone & Belding (733 Front Street at Pacific)",2001
Sweet November,Farley's Café (1315 18th Street Near Missouri),2001
Sweet November,Citicorp Center (1 Sansome Street at Sutter),2001
Sweet November,Christopher's Books (1400 18th Street),2001
Sweet November,Chrissy Field,2001
Sweet November,Blooms Saloon (18th Street between Missouri and Texas Streets),2001
Sweet November,Mission Dolores Park (Mission District),2001
Swing,Broadway Studios (435 Broadway at Montgomery Street),2003
Swing,Regency Building (1290 Sutter Street),2003
Tales of the City,Macondray Ln and Taylor btwn Union and Green,2019
Tales of the City,Lyon and Broadway,2019
Tales of the City,"Hotel Jefferson, 440 Eddy St",2019
Tales of the City,Hyde St and Lombard St to Larkin and Lombard,2019
Tales of the City,Market and Noe St,2019
Tales of the City,Market and Church St,2019
Tales of the City,Castro and 18th St,2019
Tales of the City,Castro District,2019
Tales of the City,Dolores Park,2019
Tales of the City,"City Lights Books, 261 Columbus Ave",2019
Tales of the City,Montgomery and Vallejo,2019
Tales of the City,Green btwn Jasper and Bannam,2019
Tales of the City,Valencia btwn 16th and 17th St,2019
Tales of the City,North Beach,2019
Tales of the City,766 Vallejo St,2019
Tales of the City,Grant and Green St,2019
Tales of the City,Clarion Alley,2019
Tales of the City,Valencia btwn Liberty and 21st St,2019
Tales of the City,Mission District,2019
Terminator - Genisys,16th and Utah,2015
Terminator - Genisys,Van Ness between Fell and Lombard,2015
Terminator - Genisys,California between Leavenworth and Powell,2015
Terminator - Genisys,Mission at 1st and 2nd,2015
Terminator - Genisys,Market at Mason,2015
Terminator - Genisys,California at Larkin,2015
Terminator - Genisys,California at Jones,2015
Terminator - Genisys,Pine and Leavenworth,2015
Terminator - Genisys,Howard St. from Embarcadero to 11 St.,2015
Terminator - Genisys,Construction Site in front of 260 Stockton St. at Post St.,2015
Terminator - Genisys,California St. between Drumm St. and Kearny St.,2015
Terminator - Genisys,Market St. at Embarcadero area,2015
Terminator - Genisys,Pine St. between Market and Kearny,2015
Terminator - Genisys,Front St. between Market and Clay,2015
Terminator - Genisys,Union Square,2015
Terminator - Genisys,San Francisco - Oakland Bay Bridge,2015
Terminator - Genisys,"Mission St., Embarcadero, and Front between Clay and Market",2015
Terminator - Genisys,Sutter Stockton Garage,2015
Terminator - Genisys,Bush St. at Stockton St.,2015
Terminator - Genisys,Powell St at Geary St,2015
Terminator - Genisys,1 Market St. Landmark Building,2015
Terminator - Genisys,Embarcadero between Pier 2 and Harrison,2015
Terminator - Genisys,Pier 14,2015
Terminator - Genisys,Pine St. between Market and Montgomery,2015
The Assassination of Richard N,"Tosca Café (242 Columbus Avenue, North Beach)",2004
The Assassination of Richard N,766 Sutter Street,2004
The Bridge,Golden Gate Bridge,2006
The Californians,,2005
The Core,Golden Gate Bridge,2003
The Diary of a Teenage Girl,Victoria Theatre,2015
The Diary of a Teenage Girl,SPECS' Twelve Adler Museum Café,2015
The Diary of a Teenage Girl,Ocean Beach at Point Lobos,2015
The Diary of a Teenage Girl,700 Kansas St.,2015
The Diary of a Teenage Girl,Presidio Branch Library,2015
The Diary of a Teenage Girl,The Royal Oak,2015
The Diary of a Teenage Girl,Tonic,2015
The Diary of a Teenage Girl,Polk and Northpoint St.,2015
The Diary of a Teenage Girl,770 Haight St.,2015
The Diary of a Teenage Girl,Tank Hill Park,2015
The Diary of a Teenage Girl,Hamburger Haven,2015
The Diary of a Teenage Girl,Higher Grounds Coffee House,2015
The Diary of a Teenage Girl,304 Lily St.,2015
The Diary of a Teenage Girl,The Magazine at 920 Larkin,2015
The Diary of a Teenage Girl,Geary St. from Polk to Larkin,2015
The Diary of a Teenage Girl,Yerba Buena Island,2015
The Fog of War,,2003
The Internship,Grant Ave from Sacramento to Clay,2013
The Internship,Montgomery and Union St.,2013
The Internship,Epic Roasthouse,2013
The Internship,Players Arcade at Pier 39,2013
The Last Black Man in San Fran,Folsom btwn Cortland and Eugenia Ave,2019
The Last Black Man in San Fran,Nevada St btwn Cortland and Jarboe Ave,2019
The Last Black Man in San Fran,900 Innes Ave,2019
The Last Black Man in San Fran,801 Innes Ave,2019
The Last Black Man in San Fran,911 Innes Ave,2019
The Last Black Man in San Fran,Mission btwn 16th and Cesar Chavez,2019
The Last Black Man in San Fran,802 Steiner St,2019
The Last Black Man in San Fran,Donahue and Innes Ave,2019
The Last Black Man in San Fran,"Chateau Tivoli, 1057 Steiner St",2019
The Last Black Man in San Fran,Innes and Arelious Walker,2019
The Last Black Man in San Fran,4704 3rd St,2019
The Last Black Man in San Fran,Forest Hill MUNI Station,2019
The Last Black Man in San Fran,Market/Portola btwn O'Shaughnessy and Castro,2019
The Last Black Man in San Fran,Innes turning into Evans Ave,2019
The Last Black Man in San Fran,3rd St btwn Evans and Oakdale,2019
The Last Black Man in San Fran,Oakdale btwn 3rd and Bayshore,2019
The Last Black Man in San Fran,959 South Van Ness Ave,2019
The Last Black Man in San Fran,Shotwell St btwn 20th and 21st St,2019
The Last Black Man in San Fran,"Ford's Grocery Store, 1496 Oakdale Ave",2019
The Last Black Man in San Fran,"Hotel Metropolis, 25 Mason St",2019
The Last Black Man in San Fran,Evans Ave/Hunters Pt Bvld btwn Keith and Hawes St,2019
The Last Black Man in San Fran,Illinois St btwn Marin and Amador,2019
The Last Black Man in San Fran,"Portola Rose Garden, 598 Hamilton St at Woolsey St",2019
The Last Black Man in San Fran,Castro and Market,2019
The Last Black Man in San Fran,Eddy St btwn Leavenworth and Hyde St,2019
The Last Black Man in San Fran,California Street Hill btwn Jones and Larkin,2019
The Last Black Man in San Fran,California St and Gough btwn Geary and Jones,2019
The Last Black Man in San Fran,"Red Building, 2567 Mission St",2019
The Last Black Man in San Fran,Haight and Belvedere,2019
The Last Black Man in San Fran,Buena Vista East btwn Duboce and Haight,2019
The Last Black Man in San Fran,"Sunset Super, 2425 Irving St",2019
The Last Black Man in San Fran,363 Lyon St,2019
The Last Black Man in San Fran,415 Lyon St/355 Lyon St,2019
The Master,Pier 7/ Embarcadero,2012
The Matrix Resurrections,"House of Nanking, 919 Kearny",2021
The Matrix Resurrections,Vallejo at Jones,2021
The Matrix Resurrections,"The Avery, 488 Folsom",2021
The Matrix Resurrections,1 Front St,2021
The Matrix Resurrections,465 California,2021
The Matrix Resurrections,"Fitness SF, 1001 Brannan",2021
The Matrix Resurrections,Montgomery and Pine,2021
The Matrix Resurrections,Montgomery between Washington and Bush,2021
The Matrix Resurrections,44 Montogomery,2021
The Matrix Resurrections,"Joe & The Juice, 235 Montgomery",2021
The Matrix Resurrections,California at Grant Ave,2021
The Matrix Resurrections,Harry Bridges Plaza and Embarcadero,2021
The Matrix Resurrections,Pier 14 San Francisco,2021
The Matrix Resurrections,Powell between California and Market,2021
The Matrix Resurrections,Fremont at Mission,2021
The Matrix Resurrections,425 California,2021
The Matrix Resurrections,Pine between Front and Montgomery,2021
The Matrix Resurrections,150 California,2021
The Matrix Resurrections,Pine and Grant Ave,2021
The Matrix Resurrections,"Sansome, Sacramento, and California",2021
The Matrix Resurrections,155 California,2021
The OA Part II,Hyde St at Pacific to Washington St,2019
The OA Part II,Lafayette Park,2019
The OA Part II,Washington btwn Gough and Octavia St,2019
The OA Part II,Duncan St at Diamond Heights,2019
The OA Part II,Broadway Tunnel,2019
The OA Part II,1001 Vallejo St,2019
The OA Part II,Taylor St btwn Green and Broadway,2019
The OA Part II,16th Avenue Steps,2019
The OA Part II,"Fairmont Hotel (950 Mason Street, Nob Hill)",2019
The OA Part II,724 Larkin St,2019
The OA Part II,Ada Court at O'Farrell St,2019
The OA Part II,Cameron House - 920 Sacramento St,2019
The OA Part II,Waverly Pl btwn Washington and Clay St,2019
The OA Part II,Pier 7,2019
The OA Part II,Pier 43,2019
The OA Part II,Washington at Taylor St - Jackson St,2019
The OA Part II,SFPD Headquarters - 3rd St,2019
The OA Part II,Mission Rock at 3rd St,2019
The OA Part II,"Red's Java House (Pier 30-32, The Embarcadero)",2019
The OA Part II,SF War Memorial Opera House,2019
The OA Part II,Washington at Maple,2019
The OA Part II,1101 Green St,2019
The OA Part II,Harrison St to Beale St to Bryant St,2019
The Phone/Jexi,135 Mississippi St,2019
The Phone/Jexi,Ft. Scott Ball Field,2019
The Phone/Jexi,3200 16th St at Guerrero,2019
The Phone/Jexi,"W Hotel, Trace bar - 181 3rd St.",2019
The Phone/Jexi,Farley's Coffee - 1315 18th St,2019
The Phone/Jexi,Texas at 17th St,2019
The Phone/Jexi,Brannan btwn 2nd and 5th St,2019
The Phone/Jexi,Zoe St btwn Brannan and Freelon St,2019
The Phone/Jexi,SF War Memorial Opera House,2019
The Phone/Jexi,Regency Ballroom - 1290 Sutter St,2019
The Phone/Jexi,Mash Transit - 284 Sanchez St,2019
The Phone/Jexi,16th St at Sanchez,2019
The Phone/Jexi,1423 Golden Gate Ave,2019
The Phone/Jexi,956 Pierce St,2019
The Phone/Jexi,22nd St btwn Carolina and Kansas,2019
The Phone/Jexi,Castro at 19th St,2019
The Phone/Jexi,Liberty St btwn Castro and Noe St,2019
The Phone/Jexi,Castro btwn Market and 19th St,2019
The Phone/Jexi,Vallejo at Montgomery St,2019
The Phone/Jexi,1151 Montgomery St,2019
The Phone/Jexi,3419 16th St,2019
The Phone/Jexi,18th btwn Dolores and Church,2019
The Phone/Jexi,Broadway at Taylor,2019
The Phone/Jexi,"Grid around North Beach, Chinatown, Financial District",2019
The Phone/Jexi,Grid around Haight Ashbury,2019
The Phone/Jexi,"Grid around Financial District, SOMA",2019
The Phone/Jexi,1 Zoe St,2019
The Phone/Jexi,Grid around Marina District,2019
The Phone/Jexi,Fisherman's Wharf,2019
The Phone/Jexi,Embarcadero btwn Rincon Park and Pier 23,2019
The Phone/Jexi,Grid around Union Square,2019
The Phone/Jexi,Grant Ave at Green St,2019
The Phone/Jexi,Sodini Restaurant - 510 Green St,2019
The Phone/Jexi,Tamarind Hall - 1268 Grant Ave,2019
The Phone/Jexi,Market at Cyril Magnin,2019
The Phone/Jexi,California btwn Taylor and Drumm - Cable Car Line,2019
The Phone/Jexi,Hyde btwn Jefferson and Broadway - Cable Car Line,2019
The Phone/Jexi,Elixir - 3200 16th St,2019
The Phone/Jexi,Transbay Terminal - Fremont at Minna,2019
The Princess Diaries,724 Brazil Avenue,2001
The Princess Diaries,Fisherman's Wharf,2001
The Princess Diaries,Firestation #3 (Brazil Avenue and Athens Street),2001
The Princess Diaries,Cliff House (1090 Point Lobos Avenue),2001
The Princess Diaries,Broadway Tunnel (Broadway between Powell and Larkin),2001
The Princess Diaries,Baker Beach,2001
The Princess Diaries,2601 Lyon Street,2001
The Pursuit of Happyness,Glen Park Subway Station,2006
The Pursuit of Happyness,Glide Memorial Church (434 Ellis St),2006
The Pursuit of Happyness,Candlestick Park (602 Jamestown Ave.),2006
The Pursuit of Happyness,Golden Gate Park Children's Playground,2006
The Sweetest Thing,Golden Gate National Recreation Area,2002
The Wedding Planner,Grace Cathedral Episcopal Church (1100 California Street),2001
The Wedding Planner,"The Music Concourse (Martin Luther King, Jr. Drive, Golden Gate Park)",2001
The Wedding Planner,Pleasant Street at Taylor,2001
The Wedding Planner,Pier 7 (The Embarcadero),2001
The Wedding Planner,Montgomery Street at Union Street,2001
The Wedding Planner,Lincoln Park,2001
The Wedding Planner,"Japanese Tea Garden (Hagiwara Tea Garden Drive, Golden Gate Park)",2001
The Wedding Planner,City Hall,2001
The Zodiac,,2005
Tweek City,,2005
Twisted,"Red's Java House (Pier 30-32, The Embarcadero)",2004
Twisted,Piers 30-32,2004
Twisted,Pier 39,2004
Twisted,Pier 24,2004
Twisted,Mojito (1337-1339 Grant Avenue),2004
Twisted,"McCovey Point, China Basin Park (24 Willy Mays Plaza)",2004
Twisted,Veterans' War Memorial Building (401 Van Ness Avenue),2004
Twisted,,2004
Twisted,La Bodega (1332 Grant Avenue at Vallejo),2004
Twisted,Vesuvio Café (255 Columbus Avenue),2004
Twisted,The Saloon (1232 Grant Avenue),2004
Under the Tuscan Sun,Mecca Restaurant (2029 Market Street),2003
Venom,O'Farrell between Leavenworth and Jones,2018
Venom,Grant Ave btwn California and Clay,2018
Venom,Grant Ave btwn Clay and Jackson,2018
Venom,Kearny Steps/btwn Green and Pacific,2018
Venom,Taylor St Hill btwn Pacific and Greenwich,2018
Venom,"Huntington Park, Pine/Kearny, Bush/Hyde",2018
Venom,"North Beach: Kearny/Vallejo, Kearny/Broadway, Broadway/Columbus",2018
Venom,Embarcadero at Harrison St,2018
Venom,Stockton Tunnel btwn Sutter and Sacramento,2018
Venom,Grant Ave btwn Pine and Jackson,2018
Venom,California St btwn Drumm and Sansome,2018
Venom,Embarcadero btwn Folsom and Bryant,2018
Venom,Montgomery St and Vallejo St,2018
Venom,Grant Ave at Green St,2018
Venom,Geary St at Leavenworth St,2018
Venom,Romolo St and Fresno Pl,2018
Venom,Grant Ave btwn Washington and Jackson,2018
Venom,Hyde St at Chestnut St,2018
Venom,Washington Square Park - Filbert St at Stockton St,2018
Venom,Edinburgh Castle (950 Geary Street),2018
Venom,Hemlock Alley btwn Polk and Larkin,2018
Venom,California St at Montgomery St,2018
Venom,Larkin St btwn Post and Geary,2018
Venom,Financial District,2018
Venom,Potrero Hill: Rhode Island btwn 15th and 16th,2018
Venom,"Epic Steakhouse, 369 Embarcadero",2018
Venom: Let There Be Carnage,O'Farrell between Leavenworth and Jones,2021
Venom: Let There Be Carnage,Antonio Street,2021
Venom: Let There Be Carnage,238 Columbus,2021
Venom: Let There Be Carnage,"Grace Cathedral Church, 1100 California Street",2021
Venom: Let There Be Carnage,Mariposa and DeHaro,2021
Venom: Let There Be Carnage,Coit Tower,2021
Venom: Let There Be Carnage,Palace of Fine Arts,2021
Venom: Let There Be Carnage,Sutter Stockton Garage,2021
Venom: Let There Be Carnage,6th Street and Jessie Street,2021
Venom: Let There Be Carnage,Beach and Larkin,2021
Venom: Let There Be Carnage,Montgomery and Green,2021
What the Bleep Do We Know,Golden Gate National Recreation Area,2004
When We Rise,City Hall,2017
When We Rise,United Nations Plaza,2017
When We Rise,520 Castro St.,2017
When We Rise,"Castro Theatre, 429 Castro St.",2017
When We Rise,440 Castro St.,2017
When We Rise,Bay Bridge,2017
When We Rise,24th St. between Florida and Alabama,2017
When We Rise,"Harvey Milk Plaza, 17th and Castro",2017
When We Rise,"Twin Peaks Bar, 401 Castro",2017
When We Rise,"Women's Building, 3543 18th St.",2017
When We Rise,Buena Vista Park,2017
When We Rise,Haight St. at Central,2017
When We Rise,"Eureka Arts Center, 4400 20th St.",2017
When We Rise,Castro St. between 17th and 18th St.,2017
When We Rise,426 Castro St.,2017
When We Rise,Powell St. at Market St.,2017
Women is Losers,Immaculate Conception Academy - 3625 24th St,2020
Women is Losers,2712 Bryant St,2020
Women is Losers,1132 Florida St,2020
Women is Losers,44 Edna St,2020
Women is Losers,St. John's United Church - 501 Laguna Honda Blvd.,2020
Women is Losers,Laguna Honda Hospital - 375 Laguna Honda Blvd.,2020
Women is Losers,1336 Rhode Island St,2020
Women is Losers,Pop's Bar - 2800 24th St,2020
Women is Losers,Dolores Park,2020
Women is Losers,MUNI Yard - 425 Geneva Ave,2020
Women is Losers,F Train Charter,2020
Women is Losers,Capp St at 25th St,2020
Women is Losers,1080 Capp St,2020
Women is Losers,26 Edna St,2020
Women is Losers,119 Vernon St,2020
Women is Losers,3202 Folsom St,2020
Women is Losers,110 Pierce St,2020
Women is Losers,Balmy Alley,2020
Zodiac,SF Chronicle Building (901 Mission St),2007
